campaign_id,total_impressions,total_clicks,total_spend,total_conversions,ctr,cpa
CMP099,3982,116,95.6,22,0.0,4.345455
CMP100,4000,116,95.6,22,0.0,4.345455
CMP049,3082,90,74.25,17,0.0,4.367647
CMP050,3100,90,74.25,17,0.0,4.367647
CMP051,3118,90,74.25,17,0.0,4.367647
CMP071,3478,101,83.3,19,0.0,4.384211
CMP001,2218,64,52.9,12,0.0,4.408333
CMP082,3676,107,88.2,20,0.0,4.41
CMP083,3694,107,88.2,20,0.0,4.41
CMP084,3712,107,88.2,20,0.0,4.41
